,seq,mean_score
0,NITNLCPFGEVFNATSFASVYAWNRKSISNCGADYQVLYNSASFSTFKCYYVSPTKLNDLCFTNVYADSFVIRGDEVRQIAPGQTGIIADYNYKLPDDFTGCVIAWNSNNLDSKVGGNYNYQYRLFRKSNLKPFERDCSTEIYQARSTPCNGVEGFNCYSPLQSYGCQRWNGVGYQPYRVVVLSFELLHAPATVCGPKKST,0.5561099767684936
1,NITNLCPFGEVFNATNFASVYAWNRKGISNCVADYSVLYNSASFSTFKCYGVSPTKLNDLCFTNVYADSFVIRGDEVRQIAPGQTGKIADYNYKLPDDFTGCVIAWNSNNLDSKVGGNYNYRYRLFRKSNLKPFERDISTEIYQAGSTPCNGVQGFNCYFPLQSYGFQPTNGVGYQPYRVVVLSFELLHAPATVCGPKKST,0.508274507522583
2,NITNLCPFGEVFNATVFASVYAWNRKWISNCPADYTVLYNSASFSTFKCYVVSPTKLNDLCFTNVYADSFVIRGDEVRQIAPGQTGDIADYNYKLPDDFTGCVIAWNSNNLDSKVGGNYNYRYRLFRKSNLKPFERDPSTEIYQAFSKPCNGVEGFNCYFPLQSYGTQNENGVGYQPYRVVVLSFELLHAPATVCGPKKST,0.5174646496772766
3,NITNLCPFGEVFNATIFASVYAWNRKWISNCDADYPVLYNSASFSTFKCYWVSPTKLNDLCFTNVYADSFVIRGDEVRQIAPGQTGGIADYNYKLPDDFTGCVIAWNSNNLDSKVGGNYNYLYRLFRKSNLKPFERDPSTEIYQADSTPCNGVEGFNCYFPLQSYGLQVFYGVGYQPYRVVVLSFELLHAPATVCGPKKST,0.5213350772857666
4,NITNLCPFGEVFNATRFASVYAWNRKGISNCVADYSVLYNSASFSTFKCYGVSPTKLNDLCFTNVYADSFVIRGDEVRQIAPGQTGNIADYNYKLPDDFTGCVIAWNSNNLDSKVGGNYNYLYRLFRKSNLKPFERDISTEIYQAGSTPCNGVKGFNCYFPLQSYGFQPTYGVGYQPYRVVVLSFELLHAPATVCGPKKST,0.5330921530723571
5,NITNLCPFGEVFNATHFASVYAWNRKTISNCVADYSVLYNSASFSTFKCYIVSPTKLNDLCFTNVYADSFVIRGDEVRQIAPGQTGKIADYNYKLPDDFTGCVIAWNSNNLDSKVGGNYNYLYRLFRKSNLKPFERDISTEIYQAGSTPCNGVKGFNCYFPLQSYGFQLTNGVGYQPYRVVVLSFELLHAPATVCGPKKST,0.5475321531295776
6,NITNLCPFGEVFNATYFASVYAWNRKTISNCFADYDVLYNSASFSTFKCYTVSPTKLNDLCFTNVYADSFVIRGDEVRQIAPGQTGTIADYNYKLPDDFTGCVIAWNSNNLDSKVGGNYNYRYRLFRKSNLKPFERDCSTEIYQAVSTPCNGVEGFNCYFPLQSYGCQWPNGVGYQPYRVVVLSFELLHAPATVCGPKKST,0.5147071003913879
7,NITNLCPFGEVFNATRFASVYAWNRKGISNCVADYSVLYNSASFSTFKCYGVSPTKLNDLCFTNVYADSFVIRGDEVRQIAPGQTGTIADYNYKLPDDFTGCVIAWNSNNLDSKVGGNYNYLYRLFRKSNLKPFERDISTEIYQAGSTPCNGVKGFNCYFPLQSYGFQPTYGVGYQPYRVVVLSFELLHAPATVCGPKKST,0.5533111214637756
8,NITNLCPFGEVFNATVFASVYAWNRKTISNCDADYGVLYNSASFSTFKCYYVSPTKLNDLCFTNVYADSFVIRGDEVRQIAPGQTGEIADYNYKLPDDFTGCVIAWNSKNLDSKVGGNYNYLYRLFRKWNLKPFERDPSTEIYQADSTPCNGVEGFNCYFPLQSYGLQTWNGVGYQPYRVVVLSFELLHAPATVCGPKKST,0.5490011096000671
9,NITNLCPFGEVFNATIFASVYAWNRKTISNCGADYGVLYNSASFSTFKCYVVSPTKLNDLCFTNVYADSFVIRGDEVRQIAPGQTGEIADYNYKLPDDFTGCVIAWNSNNLDSKVGGNYNYLYRLFRKSNLKPFERDPSTEIYQACSTPCNGVEGFNCYFPLQSYGKQIFTGVGYQPYRVVVLSFELLHAPATVCGPKKST,0.557034683227539
10,NITNLCPFDEVFNATKFASVYAWNRKKISNCVADYSVLYNLAPFFTFKCYGVSPTKLNDLCFTNVYADSFVIRGDEVRQIAPGQTGNIADYNYKLPDDFTGCVIAWNSNKLDSKVSGNYNYLYRLFRKSNLKPFERDISTEIYQAGNKPCNGVAGFNCYFPLRSYSFRPTYGVGHQPYRVVVLSFELLHAPATVCGPKKST,0.4850062251091003
11,NITNLCPFDEVFNATDFASVYAWNRKAISNCVADYSVLYNLAPFFTFKCYGVSPTKLNDLCFTNVYADSFVIRGDEVRQIAPGQTGKIADYNYKLPDDFTGCVIAWNSNNLDSKVGGNYNYLYRLFRKSNLKPFERDISTEIYQAGNKPCNGVAGFNCYFPLRSYSFRPTYGVGHQPYRVVVLSFELLHAPATVCGPKKST,0.4561376690864563
12,NITNLCPFDEVFNATNFASVYAWNRKAISNCVADYSVLYNLAPFFTFKCYGVSPTKLNDLCFTNVYADSFVIRGDEVRQIAPGQTGKIADYNYKLPDDFTGCVIAWNSNNLDSKVSGNYNYLYRLFRKSNLKPFERDISTEIYQAGNKPCNGVAGFNCYFPLRSYSFRPTYGVGHQPYRVVVLSFELLHAPATVCGPKKST,0.4395955324172974
13,NITNLCPFDEVFNATCFASVYAWNRKWISNCVADYSVLYNFAPFFAFKCYGVSPTKLNDLCFTNVYADSFVIRGNEVSQIAPGQTGNIADYNYKLPDDFTGCVIAWNSNKLDSKVGGNYNYLYRLFRKSNLKPFERDISTEIYQAGNKPCNGVAGFNCYFPLRSYGFRPTYGVGHQPYRVVVLSFELLHAPATVCGPKKST,0.5853994011878967
14,NITNLCPFDEVFNATPFASVYAWNRKGISNCVADYSVLYNFAPFFAFKCYGVSPTKLNDLCFTNVYADSFVIRGNEVSQIAPGQTGNIADYNYKLPDDFTGCVIAWNSNKLDSKVGGNYNYQYRLFRKSNLKPFERDISTEIYQAGNKPCNGVAGFNCYFPLRSYGFRPTYGVGHQPYRVVVLSFELLHAPATVCGPKKST,0.58238126039505
15,NITNLCPFHEVFNATWFASVYAWNRKFISNCVADYSVLYNFAPFFAFKCYGVSPTKLNDLCFTNVYADSFVIRGNEVSQIAPGQTGNIADYNYKLPDDFTGCVIAWNSNKLDSKVSGNYNYLYRLFRKSKLKPFERDISTEIYQAGNKPCNGVAGFNCYFPLQSYGFRPTYGVGHQPYRVVVLSFELLHAPATVCGPKKST,0.5867629170417785
16,NITNLCPFDEVFNATRFASVYAWNRKVISNCVADYSVLYNFAPFFAFKCYGVSPTKLNDLCFTNVYADSFVIRGNEVSQIAPGQTGNIADYNYKLPDDFTGCVIAWNSNNLDSKVGGNYNYLYRLFRKSNLKPFERDISTEIYQAGNKPCNGVAGFNCYFPLRSYGFRPTYGVGHQPYRVVVLSFELLHAPATVCGPKKST,0.4110942006111145
17,NITNLCPFDEVFNATGFASVYAWNRKWISNCVADYSVLYNFAPFFAFKCYGVSPTKLNDLCFTNVYADSFVIRGNEVSQIAPGQTGNIADYNYKLPDDFTGCVIAWNSNKLDSKVGGNYNYRYRLFRKSNLKPFERDISTEIYQAGNKPCNGVAGVNCYFPLQSYGFRPTYGVGHQPYRVVVLSFELLHAPATVCGPKKST,0.585496973991394
18,NITNLCPFDEVFNATCFASVYAWNRKGISNCVADYSVLYNFAPFFAFKCYGVSPTKLNDLCFTNVYADSFVIRGNEVSQIAPGQTGNIADYNYKLPDDFTGCVIAWNSNKLDSKVGGNYNYRYRLFRKSNLKPFERDISTEIYQAGNKPCNGVAGVNCYFPLQSYGFRPTYGVGHQPYRVVVLSFELLHAPATVCGPKKST,0.582701575756073
19,NITNLCPFHEVFNATEFASVYAWNRTQISNCVADYSVLYNFAPFFAFKCYIVSPTKLNDLCFTNVYADSFVIRGNEVSQIAPGQTGNIADYNYKLPDDFTGCVIAWNSNKLDSKVSGNYNYLYRLFRKSKLKPFERDISTEIYQAGNKPCNGVAGFNCYSPLQSYGFRQTYGVGHQPYRVVVLSFELLHAPATVCGPKKST,0.391923201084137
20,NITNLCPFDEVFNATRFASVYAWNRKCISNCVADYSVLYNFAPFFAFKCYGVSPTKLNDLCFTNVYADSFVIRGNEVSQIAPGQTGNIADYNYKLPDDFTGCVIAWNSNKLDSTVGGNYNYRYRLFRKSKLKPFERDISTEIYQAGNKPCNGVAGVNCYFPLQSYGFRPTYGVGHQPYRVVVLSFELLHAPATVCGPKKST,0.5599019646644592
21,NITNLCPFDEVFNATGFASVYAWNRKGISNCVADYSVLYNFAPFFAFKCYGVSPTKLNDLCFTNVYADSFVIRGNEVSQIAPGQTGNIADYNYKLPDDFTGCVIAWNSNKLDSTVGGNYNYRYRLFRKSKLKPFERDISTEIYQAGNKPCNGVAGVNCYFPLQSYGFRPTYGVGHQPYRVVVLSFELLHAPATVCGPKKST,0.5833829164505004
22,NITNLCPFHEVFNATFFASVYAWNRKHISNCVADYSVLYNFAPFFAFKCYGVSPTKLNDLCFTNVYADSFVIRGNEVSQIAPGQTGNIADYNYKLPDDFTGCVIAWNSNKLDSTVSGNYNYRYRLFRKSKLKPFERDISTEIYQAGNKPCNGVAGSNCYFPLQSYGFRPTYGVGHQPYRVVVLSFELLHAPATVCGPKKST,0.5567556142807006
23,NITNLCPFHEVFNATRFASVYAWNRKEISNCVADYSVIYNFAPFFAFKCYPVSPTKLNDLCFTNVYADSFVIRGNEVSQIAPGQTGNIADYNYKLPDDFTGCVIAWNSNKLDSKPSGNYNYLYRLFRKSKLKPFERDISTEIYQAGNKPCNGVAGFNCYSPLQSYGFRITYGVGHQPYRVVVLSFELLHAPATVCGPKKST,0.3631251573562622
24,NITNLCPFHEVFNATWFASVYAWNRKMISNCVADYSVIYNFAPFFAFKCYGVSPTKLNDLCFTNVYADSFVIRGNEVSQIAPGQTGKIADYNYKLPDDFTGCVIAWNSNKLDSKPSGNYNYLYRLFRKSKLKPFERDISTEIYQAGNKPCNGVAGSNCYSPLQSYGFRPTYGVGHQPYRVVVLSFELLHAPATVCGPKKST,0.4078561782836914
