,seq,mean_score
0,NITNLCPFGEVFNATYFASVYAWNRKVISNCCADYWVLYNSASFSTFKCYTVSPTKLNDLCFTNVYADSFVIRGDEVRQIAPGQTGFIADYNYKLPDDFTGCVIAWNSNNLDSKVGGNYNYLYRLFRKPNLKPFERDDSTEIYQAYSTPCNGVEGFNCYFPLQSYGCQTIYGVGYQPYRVVVLSFELLHAPATVCGPKKST,0.5577910661697387
1,NITNLCPFGEVFNATLFASVYAWNRKYISNCVADYSVLYNSASFSTFKCYPVSPTKLNDLCFTNVYADSFVIRGDEVRQIAPGQTGKIADYNYKLPDDFTGCVIAWNSNNLDSKVGGNYNYLYRLFRKSNLKPFERDISTEIYQAGSTPCNGVKGFNCYFPLQSYGFQFTYGVGYQPYRVVVLSFELLHAPATVCGPKKST,0.576395046710968
2,NITNLCPFGEVFNATRFASVYAWNRKGISNCVADYSVLYNSASFSTFKCYGVSPTKLNDLCFTNVYADSFVIRGDEVRQIAPGQTGNIADYNYKLPDDFTGCVIAWNSNNLDSKVGGNYNYLYRLFRKSNLKPFERDISTEIYQAGSTPCNGVKGFNCYFPLQSYGFQPTYGVGYQPYRVVVLSFELLHAPATVCGPKKST,0.5330921530723571
3,NITNLCPFGEVFNATRFASVYAWNRKGISNCVADYSVLYNSASFSTFKCYGVSPTKLNDLCFTNVYADSFVIRGDEVRQIAPGQTGTIADYNYKLPDDFTGCVIAWNSNNLDSKVGGNYNYLYRLFRKSNLKPFERDISTEIYQAGSTPCNGVKGFNCYFPLQSYGFQPTYGVGYQPYRVVVLSFELLHAPATVCGPKKST,0.5533111214637756
4,NITNLCPFGEVFNATYFASVYAWNRKWISNCWADYHVLYNSASFSTFKCYSVSPTKLNDLCFTNVYADSFVIRGDEVRQIAPGQTGLIADYNYKLPDDFTGCVIAWNSNNLDSKVGGNYNYRYRLFRKSNLKPFERDSSTEIYQAYSKPCNGVEGFNCYFPLQSYGWQNANGVGYQPYRVVVLSFELLHAPATVCGPKKST,0.5757627606391906
5,NITNLCPFGEVFNATVFASVYAWNRKTISNCPADYGVLYNSASFSTFKCYSVSPTKLNDLCFTNVYADSFVIRGDEVRQIAPGQTGRIADYNYKLPDDFTGCVIAWNSNNLDSKVGGNYNYRYRLFRKSNLKPFERDISTEIYQADSTPCNGVEGFNCYFPLQSYGYQVMNGVGYQPYRVVVLSFELLHAPATVCGPKKST,0.5707286119461059
6,NITNLCPFGEVFNATIFASVYAWNRKTISNCVADYSVLYNSASFSTFKCYCVSPTKLNDLCFTNVYADSFVIRGDEVRQIAPGQTGKIADYNYKLPDDFTGCVIAWNSNNLDSKVGGNYNYLYRLFRKSNLKPFERDISTEIYQAGSTPCNGVKGFNCYFPLQSYGFQTTNGVGYQPYRVVVLSFELLHAPATVCGPKKST,0.5656962513923645
7,NITNLCPFGEVFNATPFASVYAWNRKPISNCVADYSVLYNSASFSTFKCYFVSPTKLNDLCFTNVYADSFVIRGDEVRQIAPGQTGKIADYNYKLPDDFTGCVIAWNSNNLDSKVGGNYNYRYRLFRKSNLKPFERDISTEIYQAGSTPCNGVQGFNCYFPLQSYGFQPTNGVGYQPYRVVVLSFELLHAPATVCGPKKST,0.5230271935462951
8,NITNLCPFGEVFNATVFASVYAWNRKSISNCVADYSVLYNSASFSTFKCYSVSPTKLNDLCFTNVYADSFVIRGDEVRQIAPGQTGKIADYNYKLPDDFTGCVIAWNSNNLDSKVGGNYNYQYRLFRKSNLKPFERDISTEIYQAWSTPCNGVEGFNCYSPLQSYGMQRMNGVGYQPYRVVVLSFELLHAPATVCGPKKST,0.5048465847969055
9,NITNLCPFDEVFNATKFASVYAWNRKKISNCVADYSVLYNLAPFFTFKCYGVSPTKLNDLCFTNVYADSFVIRGDEVRQIAPGQTGNIADYNYKLPDDFTGCVIAWNSNKLDSKVSGNYNYLYRLFRKSNLKPFERDISTEIYQAGNKPCNGVAGFNCYFPLRSYSFRPTYGVGHQPYRVVVLSFELLHAPATVCGPKKST,0.4850062251091003
10,NITNLCPFGEVFNATDFASVYAWNRKGISNCVADYSVLYNSASFSTFKCYVVSPTKLNDLCFTNVYADSFVIRGDEVRQIAPGQTGKIADYNYKLPDDFTGCVIAWNSNNLDSKVGGNYNYLYRLFRKSNLKPFERDISTEIYQAGSRPCNGVKGFNCYFPLQSYGFQPTNGVGYQPYRVVVLSFELLHAPATVCGPKKST,0.5481839895248413
11,NITNLCPFGEVFNATVFASVYAWNRKYISNCHADYPVLYNSASFSTFKCYWVSPTKLNDLCFTNVYADSFVIRGDEVRQIAPGQTGGIADYNYKLPDDFTGCVIAWNSNNLDSKVGGNYNYLFRLFRKFNLKPFERDPSTEIYQAWSTPCNGVEGFNCYHPLQSYGAQVWNGVGYQPYRVVVLSFELLHAPATVCGPKKST,0.5573895692825317
12,NITNLCPFGEVFNATYFASVYAWNRKYISNCPADYAVLYNSASFSTFKCYVVSPTKLNDLCFTNVYADSFVIRGDEVRQIAPGQTGDIADYNYKLPDDFTGCVIAWNSNNLDSKVGGNYNYLYRLFRKLNLKPFERDPSTEIYQADNTPCNGVEGFNCYFPLQPYGRQVANGVGYQPYRVVVLSFELLHAPATVCGPKKST,0.5044307231903076
13,NITNLCPFGEVFNATSFASVYAWNRKWISNCDADYNVLYNSASFSTFKCYSVSPTKLNDLCFTNVYADSFVIRGDEVRQIAPGQTGEIADYNYKLPDDFTGCVIAWNSKNLDSKVGGNYNYLYRLFRKSNLKPFERDCSTEIYQADSTPCNGVEGFNCYFPLQSYGIQYMNGVGYQPYRVVVLSFELLHAPATVCGPKKST,0.524966013431549
14,NITNLCPFGEVFNATTFASVYAWNRKWISNCYADYPVLYNSASFSTFKCYSVSPTKLNDLCFTNVYADSFVIRGDEVRQIAPGQTGRIADYNYKLPDDFTGCVIAWNSNNLDSKVGGNYNYLYRLFRKSNLKPFERDNSTEIYQACSTPCNGVEGFNCYFPLQSYGWQVATGVGYQPYRVVVLSFELLHAPATVCGPKKST,0.5040589690208435
